orgid,name,sectorid
1,Aark Wildlife Rehabilitation and Education Center,18
2,Abacus Portfolios,3
3,Abington Art Center,4
3,Abington Art Center,11
3,Abington Art Center,13
4,Abington Township EAC,10
4,Abington Township EAC,12
5,Academy of Natural Sciences (The),4
5,Academy of Natural Sciences (The),12
5,Academy of Natural Sciences (The),17
5,Academy of Natural Sciences (The),18
6,ActionPA / Energy Justice Network,1
6,ActionPA / Energy Justice Network,4
6,ActionPA / Energy Justice Network,5
6,ActionPA / Energy Justice Network,6
6,ActionPA / Energy Justice Network,9
6,ActionPA / Energy Justice Network,12
6,ActionPA / Energy Justice Network,14
7,Adam Rung Woodworks,14
7,Adam Rung Woodworks,16
8,"AKRF, Inc.",1
8,"AKRF, Inc.",2
8,"AKRF, Inc.",5
8,"AKRF, Inc.",9
8,"AKRF, Inc.",10
9,Alliance for a Sustainable Future,4
9,Alliance for a Sustainable Future,5
9,Alliance for a Sustainable Future,8
9,Alliance for a Sustainable Future,9
9,Alliance for a Sustainable Future,11
9,Alliance for a Sustainable Future,14
9,Alliance for a Sustainable Future,16
9,Alliance for a Sustainable Future,17
9,Alliance for a Sustainable Future,18
10,Alliance for Climate Protection,5
12,American Cities Foundation,12
13,American Institute of Architects (AIA) Philadelphia,1
13,American Institute of Architects (AIA) Philadelphia,2
13,American Institute of Architects (AIA) Philadelphia,3
13,American Institute of Architects (AIA) Philadelphia,4
13,American Institute of Architects (AIA) Philadelphia,5
13,American Institute of Architects (AIA) Philadelphia,10
13,American Institute of Architects (AIA) Philadelphia,11
13,American Institute of Architects (AIA) Philadelphia,12
13,American Institute of Architects (AIA) Philadelphia,14
13,American Institute of Architects (AIA) Philadelphia,16
14,American Society of Plumbing Engineers (ASPE) Philadelphia Chapter,2
14,American Society of Plumbing Engineers (ASPE) Philadelphia Chapter,3
14,American Society of Plumbing Engineers (ASPE) Philadelphia Chapter,4
14,American Society of Plumbing Engineers (ASPE) Philadelphia Chapter,5
14,American Society of Plumbing Engineers (ASPE) Philadelphia Chapter,6
14,American Society of Plumbing Engineers (ASPE) Philadelphia Chapter,14
14,American Society of Plumbing Engineers (ASPE) Philadelphia Chapter,16
14,American Society of Plumbing Engineers (ASPE) Philadelphia Chapter,17
15,American Water Resources Association - Philadelphia Metropolitan Area,17
16,Anchor Run CSA and Farm,8
16,Anchor Run CSA and Farm,9
16,Anchor Run CSA and Farm,11
16,Anchor Run CSA and Farm,16
17,Apollo Financial Services,3
17,Apollo Financial Services,4
17,Apollo Financial Services,5
17,Apollo Financial Services,6
17,Apollo Financial Services,7
17,Apollo Financial Services,16
18,Apothecary Garden (The),4
18,Apothecary Garden (The),9
19,Appalachian Mountain Club - Del. Valley Chapter,13
19,Appalachian Mountain Club - Del. Valley Chapter,18
20,Applied Ecological Services,10
20,Applied Ecological Services,11
21,ArdWood Civic Association,4
21,ArdWood Civic Association,10
21,ArdWood Civic Association,11
21,ArdWood Civic Association,12
21,ArdWood Civic Association,13
21,ArdWood Civic Association,14
21,ArdWood Civic Association,15
21,ArdWood Civic Association,16
21,ArdWood Civic Association,17
21,ArdWood Civic Association,18
21,ArdWood Civic Association,19
22,Athletes for a Fit Planet,13
22,Athletes for a Fit Planet,16
23,Audubon Pennsylvania,18
24,Awbury Arboretum,4
24,Awbury Arboretum,6
24,Awbury Arboretum,10
24,Awbury Arboretum,11
24,Awbury Arboretum,13
24,Awbury Arboretum,15
24,Awbury Arboretum,17
24,Awbury Arboretum,18
24,Awbury Arboretum,19
25,Bark Parks - list of local area parks,13
26,Bartram's Garden Education Department,4
26,Bartram's Garden Education Department,6
26,Bartram's Garden Education Department,11
26,Bartram's Garden Education Department,17
27,Batona Hiking Club of Philadelphia,13
28,Bedminster Land Conservancy,10
28,Bedminster Land Conservancy,11
28,Bedminster Land Conservancy,16
29,Bicycle Coalition of Greater Philadelphia,5
29,Bicycle Coalition of Greater Philadelphia,10
29,Bicycle Coalition of Greater Philadelphia,13
30,Blooming Glen Farm,8
30,Blooming Glen Farm,9
30,Blooming Glen Farm,16
31,Blue Green Alliance,5
31,Blue Green Alliance,12
32,BluPath Design Inc,2
33,Bowman's Hill Wildflower Preserve,4
33,Bowman's Hill Wildflower Preserve,11
33,Bowman's Hill Wildflower Preserve,15
33,Bowman's Hill Wildflower Preserve,18
33,Bowman's Hill Wildflower Preserve,19
35,Brandywine Conservancy,2
35,Brandywine Conservancy,10
35,Brandywine Conservancy,12
36,Brandywine Creek State Park,4
36,Brandywine Creek State Park,11
36,Brandywine Creek State Park,13
36,Brandywine Creek State Park,17
36,Brandywine Creek State Park,18
37,Brandywine Valley Association,4
37,Brandywine Valley Association,17
38,"Brownfields 2011 - Philadelphia, PA",3
38,"Brownfields 2011 - Philadelphia, PA",10
38,"Brownfields 2011 - Philadelphia, PA",12
39,Buckley Small Business Services,3
40,Bucks County Audubon Society,1
40,Bucks County Audubon Society,4
40,Bucks County Audubon Society,5
40,Bucks County Audubon Society,6
40,Bucks County Audubon Society,8
40,Bucks County Audubon Society,9
40,Bucks County Audubon Society,10
40,Bucks County Audubon Society,11
40,Bucks County Audubon Society,12
40,Bucks County Audubon Society,13
40,Bucks County Audubon Society,14
40,Bucks County Audubon Society,15
40,Bucks County Audubon Society,16
40,Bucks County Audubon Society,17
40,Bucks County Audubon Society,18
41,Bucks County Community College - Continuing Education,4
42,Bucks County Conservation District,4
42,Bucks County Conservation District,17
42,Bucks County Conservation District,18
43,Bucks County Foodshed Alliance,8
43,Bucks County Foodshed Alliance,11
43,Bucks County Foodshed Alliance,16
44,Bucks County Sierra Club,1
44,Bucks County Sierra Club,4
44,Bucks County Sierra Club,10
44,Bucks County Sierra Club,12
44,Bucks County Sierra Club,13
44,Bucks County Sierra Club,17
44,Bucks County Sierra Club,18
45,Bucks County Sierra Club Conservation Committee,1
45,Bucks County Sierra Club Conservation Committee,5
45,Bucks County Sierra Club Conservation Committee,9
45,Bucks County Sierra Club Conservation Committee,13
45,Bucks County Sierra Club Conservation Committee,14
45,Bucks County Sierra Club Conservation Committee,16
45,Bucks County Sierra Club Conservation Committee,17
46,Bucks Transition Group,16
47,Builders League of South Jersey,2
48,Camden Children's Garden,4
48,Camden Children's Garden,8
48,Camden Children's Garden,9
48,Camden Children's Garden,13
49,Camphill Village Kimberton Hills,4
49,Camphill Village Kimberton Hills,9
49,Camphill Village Kimberton Hills,11
49,Camphill Village Kimberton Hills,13
49,Camphill Village Kimberton Hills,14
49,Camphill Village Kimberton Hills,16
49,Camphill Village Kimberton Hills,17
50,Carol Cannon Group,2
50,Carol Cannon Group,4
50,Carol Cannon Group,9
50,Carol Cannon Group,16
51,Carroll Energy Solutions,1
51,Carroll Energy Solutions,2
51,Carroll Energy Solutions,4
51,Carroll Energy Solutions,5
51,Carroll Energy Solutions,14
51,Carroll Energy Solutions,16
52,"Cecilian Center for Earth, Arts and Spirit",4
52,"Cecilian Center for Earth, Arts and Spirit",7
53,Cedar Run Landscapes,11
53,Cedar Run Landscapes,14
53,Cedar Run Landscapes,16
53,Cedar Run Landscapes,17
54,Cedarbrook Middle School,4
55,Center in the Park-Senior Environment Corps,15
56,Central Bucks Bicycle Club,5
56,Central Bucks Bicycle Club,13
57,Central Bucks Chamber of Commerce - Architecture & Enviro. Committee,2
57,Central Bucks Chamber of Commerce - Architecture & Enviro. Committee,3
57,Central Bucks Chamber of Commerce - Architecture & Enviro. Committee,5
57,Central Bucks Chamber of Commerce - Architecture & Enviro. Committee,10
57,Central Bucks Chamber of Commerce - Architecture & Enviro. Committee,12
58,Cheltenham High School Environmental Task Force,4
58,Cheltenham High School Environmental Task Force,6
58,Cheltenham High School Environmental Task Force,14
59,Chemical Heritage Foundation,4
60,Chenoa Manor Animal Sanctuary,4
60,Chenoa Manor Animal Sanctuary,9
60,Chenoa Manor Animal Sanctuary,18
61,Chester County Citizens for Climate Protection,1
61,Chester County Citizens for Climate Protection,5
61,Chester County Citizens for Climate Protection,16
62,Chester County Trail Club,13
63,Chester Ridley Crum Watersheds Association,17
64,Chestnut Hill United Methodist Church Environmental and Social Justice,6
64,Chestnut Hill United Methodist Church Environmental and Social Justice,7
64,Chestnut Hill United Methodist Church Environmental and Social Justice,9
65,ChoosePAWind,1
65,ChoosePAWind,2
65,ChoosePAWind,4
65,ChoosePAWind,5
65,ChoosePAWind,16
66,Churchville Nature Center,4
66,Churchville Nature Center,13
66,Churchville Nature Center,17
66,Churchville Nature Center,18
66,Churchville Nature Center,19
67,Clark Energy Consultants,1
67,Clark Energy Consultants,2
67,Clark Energy Consultants,5
67,Clark Energy Consultants,14
68,Clean Air Council,1
69,Clean Air Lawn Care,3
69,Clean Air Lawn Care,5
69,Clean Air Lawn Care,11
69,Clean Air Lawn Care,16
70,Clean Water Action,1
70,Clean Water Action,4
70,Clean Water Action,5
70,Clean Water Action,6
70,Clean Water Action,9
70,Clean Water Action,12
70,Clean Water Action,14
70,Clean Water Action,17
71,Clean Water Action,1
71,Clean Water Action,4
71,Clean Water Action,5
71,Clean Water Action,6
71,Clean Water Action,9
71,Clean Water Action,12
71,Clean Water Action,14
71,Clean Water Action,17
72,Climate Change Working Group,1
72,Climate Change Working Group,2
72,Climate Change Working Group,3
72,Climate Change Working Group,4
72,Climate Change Working Group,5
72,Climate Change Working Group,6
72,Climate Change Working Group,7
72,Climate Change Working Group,8
72,Climate Change Working Group,9
72,Climate Change Working Group,10
72,Climate Change Working Group,12
72,Climate Change Working Group,14
72,Climate Change Working Group,15
72,Climate Change Working Group,16
72,Climate Change Working Group,17
72,Climate Change Working Group,18
73,Climate Project Presentation,4
73,Climate Project Presentation,5
74,Cobbs Creek Community Environmental Education Center,4
74,Cobbs Creek Community Environmental Education Center,13
74,Cobbs Creek Community Environmental Education Center,17
74,Cobbs Creek Community Environmental Education Center,18
75,Cobbs Creek Community Environmental Education Center,4
75,Cobbs Creek Community Environmental Education Center,19
76,Cobb's Creek West Community Association,11
76,Cobb's Creek West Community Association,17
77,"Communites in Schools of Philadelphia, Inc.",4
78,Community Design Collaborative,2
79,Community Gardens of Chester County,11
80,Community Recycling,3
80,Community Recycling,14
81,Conservancy of Montgomery County (The),10
81,Conservancy of Montgomery County (The),18
82,Cooks Creek Watershed Association,17
83,Darby Creek Valley Association,4
83,Darby Creek Valley Association,10
83,Darby Creek Valley Association,13
83,Darby Creek Valley Association,17
83,Darby Creek Valley Association,18
83,Darby Creek Valley Association,19
84,Defenders of Wildlife,5
84,Defenders of Wildlife,18
85,Delaware County's Concerned Citizens for Environmental Change,6
85,Delaware County's Concerned Citizens for Environmental Change,9
85,Delaware County's Concerned Citizens for Environmental Change,12
86,Delaware River Basin Commission,4
86,Delaware River Basin Commission,13
86,Delaware River Basin Commission,17
86,Delaware River Basin Commission,18
87,Delaware Riverkeeper Network,6
87,Delaware Riverkeeper Network,9
87,Delaware Riverkeeper Network,11
87,Delaware Riverkeeper Network,14
87,Delaware Riverkeeper Network,17
87,Delaware Riverkeeper Network,18
87,Delaware Riverkeeper Network,19
88,Delaware Valley Association of Rail Passengers,5
89,Delaware Valley Earth Force,4
89,Delaware Valley Earth Force,17
90,Delaware Valley Earth Force,4
90,Delaware Valley Earth Force,17
91,Delaware Valley Green Building Council,1
91,Delaware Valley Green Building Council,2
91,Delaware Valley Green Building Council,3
91,Delaware Valley Green Building Council,4
91,Delaware Valley Green Building Council,5
91,Delaware Valley Green Building Council,6
91,Delaware Valley Green Building Council,10
91,Delaware Valley Green Building Council,11
91,Delaware Valley Green Building Council,12
91,Delaware Valley Green Building Council,14
91,Delaware Valley Green Building Council,16
91,Delaware Valley Green Building Council,17
91,Delaware Valley Green Building Council,18
92,Delaware Valley Orienteering Association,13
93,Delaware Valley Regional Planning Commission,1
93,Delaware Valley Regional Planning Commission,5
93,Delaware Valley Regional Planning Commission,6
93,Delaware Valley Regional Planning Commission,10
93,Delaware Valley Regional Planning Commission,12
93,Delaware Valley Regional Planning Commission,16
95,Delaware Valley Sustainability Listserve,16
96,DIGSAU,2
96,DIGSAU,16
97,dMackComputerTutor,4
97,dMackComputerTutor,14
97,dMackComputerTutor,16
98,"down2earth adventures, LLC",13
98,"down2earth adventures, LLC",16
99,Doylestown Farmers Market,8
99,Doylestown Farmers Market,11
100,EAC Network (municipal Enviro. Advisory Councils),5
100,EAC Network (municipal Enviro. Advisory Councils),10
100,EAC Network (municipal Enviro. Advisory Councils),12
100,EAC Network (municipal Enviro. Advisory Councils),14
100,EAC Network (municipal Enviro. Advisory Councils),16
100,EAC Network (municipal Enviro. Advisory Councils),17
100,EAC Network (municipal Enviro. Advisory Councils),18
101,Earth First! Philadelphia,18
102,Earth Mart,2
102,Earth Mart,3
102,Earth Mart,8
102,Earth Mart,16
103,Earth Rising Homes,2
103,Earth Rising Homes,3
103,Earth Rising Homes,5
103,Earth Rising Homes,16
104,Earthcare Working Group of Philadelphia,5
104,Earthcare Working Group of Philadelphia,6
104,Earthcare Working Group of Philadelphia,7
104,Earthcare Working Group of Philadelphia,9
104,Earthcare Working Group of Philadelphia,16
105,Earthright,4
106,"East Coast Greenway Alliance, The",13
107,East33.org,6
107,East33.org,10
107,East33.org,11
107,East33.org,17
107,East33.org,18
108,Eastern PA Permaculture Guild,10
108,Eastern PA Permaculture Guild,16
109,"ECO Task Force, Main Line Unitarian Church",1
109,"ECO Task Force, Main Line Unitarian Church",2
109,"ECO Task Force, Main Line Unitarian Church",5
109,"ECO Task Force, Main Line Unitarian Church",7
109,"ECO Task Force, Main Line Unitarian Church",8
109,"ECO Task Force, Main Line Unitarian Church",9
109,"ECO Task Force, Main Line Unitarian Church",11
109,"ECO Task Force, Main Line Unitarian Church",14
109,"ECO Task Force, Main Line Unitarian Church",17
110,Eco-Man,4
110,Eco-Man,14
111,Eco-merica Conservation Center,1
111,Eco-merica Conservation Center,2
111,Eco-merica Conservation Center,4
111,Eco-merica Conservation Center,5
111,Eco-merica Conservation Center,9
111,Eco-merica Conservation Center,11
111,Eco-merica Conservation Center,14
111,Eco-merica Conservation Center,16
111,Eco-merica Conservation Center,17
111,Eco-merica Conservation Center,19
112,EcoVet,4
112,EcoVet,14
112,EcoVet,17
112,EcoVet,18
112,EcoVet,19
113,Effect Partners,3
113,Effect Partners,5
113,Effect Partners,6
113,Effect Partners,16
113,Effect Partners,17
113,Effect Partners,18
114,Elk Creeks Watershed Association,10
114,Elk Creeks Watershed Association,17
114,Elk Creeks Watershed Association,18
115,Empirical Point Philadelphia Acupuncture,9
116,Energy Cooperative,2
116,Energy Cooperative,5
116,Energy Cooperative,16
117,Energy Coordinating Agency,2
117,Energy Coordinating Agency,3
117,Energy Coordinating Agency,5
117,Energy Coordinating Agency,16
118,Energy Justice Network,5
118,Energy Justice Network,6
118,Energy Justice Network,12
119,Environment New Jersey,1
119,Environment New Jersey,5
119,Environment New Jersey,9
119,Environment New Jersey,10
119,Environment New Jersey,12
119,Environment New Jersey,17
119,Environment New Jersey,18
120,Environmental Leadership Program - Eastern Regional Network,1
120,Environmental Leadership Program - Eastern Regional Network,2
120,Environmental Leadership Program - Eastern Regional Network,3
120,Environmental Leadership Program - Eastern Regional Network,4
120,Environmental Leadership Program - Eastern Regional Network,5
120,Environmental Leadership Program - Eastern Regional Network,6
120,Environmental Leadership Program - Eastern Regional Network,7
120,Environmental Leadership Program - Eastern Regional Network,8
120,Environmental Leadership Program - Eastern Regional Network,9
120,Environmental Leadership Program - Eastern Regional Network,10
120,Environmental Leadership Program - Eastern Regional Network,11
120,Environmental Leadership Program - Eastern Regional Network,12
120,Environmental Leadership Program - Eastern Regional Network,13
120,Environmental Leadership Program - Eastern Regional Network,14
120,Environmental Leadership Program - Eastern Regional Network,15
120,Environmental Leadership Program - Eastern Regional Network,16
120,Environmental Leadership Program - Eastern Regional Network,17
120,Environmental Leadership Program - Eastern Regional Network,18
121,Eos Energy Solutions,2
121,Eos Energy Solutions,5
122,Epoch Solar Innovations,2
122,Epoch Solar Innovations,5
122,Epoch Solar Innovations,16
123,Eviama Life Spa,9
124,"Exclusively Green, LLC",16
125,Executive Education for the Environment,3
125,Executive Education for the Environment,4
126,Fairmount Park Commission,4
126,Fairmount Park Commission,6
126,Fairmount Park Commission,10
126,Fairmount Park Commission,12
126,Fairmount Park Commission,13
126,Fairmount Park Commission,17
126,Fairmount Park Commission,18
127,Fairmount Water Works Interpretive Center,4
127,Fairmount Water Works Interpretive Center,13
127,Fairmount Water Works Interpretive Center,17
128,Farm Park Preservation Association,4
128,Farm Park Preservation Association,11
128,Farm Park Preservation Association,13
128,Farm Park Preservation Association,17
128,Farm Park Preservation Association,18
128,Farm Park Preservation Association,19
129,Farm to City,8
129,Farm to City,11
129,Farm to City,16
130,Food and Water Watch: Fair Farm Campaign,8
130,Food and Water Watch: Fair Farm Campaign,9
130,Food and Water Watch: Fair Farm Campaign,11
130,Food and Water Watch: Fair Farm Campaign,16
131,Food Trust (The),6
131,Food Trust (The),8
131,Food Trust (The),11
132,Footprint,3
132,Footprint,16
133,Forever Stone LLC,2
133,Forever Stone LLC,11
133,Forever Stone LLC,14
134,Foundation For A Better Society,2
134,Foundation For A Better Society,3
134,Foundation For A Better Society,6
135,Franklin Institute (The),1
135,Franklin Institute (The),2
135,Franklin Institute (The),3
135,Franklin Institute (The),4
135,Franklin Institute (The),5
135,Franklin Institute (The),6
135,Franklin Institute (The),9
135,Franklin Institute (The),10
135,Franklin Institute (The),12
135,Franklin Institute (The),14
135,Franklin Institute (The),16
135,Franklin Institute (The),17
136,Freecycle  (in Phila. and around our region),14
137,French & Pickering Creeks Conservation Trust,10
137,French & Pickering Creeks Conservation Trust,17
137,French & Pickering Creeks Conservation Trust,18
138,Friends Center Corporation,2
138,Friends Center Corporation,4
138,Friends Center Corporation,5
138,Friends Center Corporation,6
138,Friends Center Corporation,7
139,Friends of Evansburg State Park,18
140,Friends of Fox Chase Farm,11
140,Friends of Fox Chase Farm,18
141,Friends of High School Park,13
141,Friends of High School Park,18
142,Friends of Peace Valley Nature Center,4
142,Friends of Peace Valley Nature Center,13
142,Friends of Peace Valley Nature Center,18
143,Friends of Pennypack Park,17
143,Friends of Pennypack Park,18
144,Friends of Philadelphia Parks,11
144,Friends of Philadelphia Parks,18
145,Friends of Poquessing Watershed,17
145,Friends of Poquessing Watershed,18
146,Friends of Ridley Creek State Park,18
147,Friends of Tamanend Park,18
148,Friends of the Delaware Canal,13
148,Friends of the Delaware Canal,17
148,Friends of the Delaware Canal,18
149,Friends of the Willows Cottage,4
149,Friends of the Willows Cottage,5
149,Friends of the Willows Cottage,6
149,Friends of the Willows Cottage,9
149,Friends of the Willows Cottage,16
150,Friends of the Wissahickon,4
150,Friends of the Wissahickon,18
151,Friends of the Wissahickon,13
151,Friends of the Wissahickon,17
151,Friends of the Wissahickon,18
152,Friends Saturday Music Gathering,8
152,Friends Saturday Music Gathering,13
153,Genesis Farm,4
153,Genesis Farm,5
153,Genesis Farm,11
153,Genesis Farm,16
154,GenGreen Life,1
154,GenGreen Life,2
154,GenGreen Life,3
154,GenGreen Life,4
154,GenGreen Life,5
154,GenGreen Life,6
154,GenGreen Life,7
154,GenGreen Life,8
154,GenGreen Life,9
154,GenGreen Life,10
154,GenGreen Life,11
154,GenGreen Life,12
154,GenGreen Life,13
154,GenGreen Life,14
154,GenGreen Life,15
154,GenGreen Life,16
154,GenGreen Life,17
154,GenGreen Life,18
155,Glenside Farmers' Market,8
155,Glenside Farmers' Market,11
156,Government Affairs Society,4
156,Government Affairs Society,12
156,Government Affairs Society,14
157,Great Circle Writing Services,3
158,Great Valley Nature Center,4
158,Great Valley Nature Center,13
158,Great Valley Nature Center,18
159,Greater Philadelphia Chamber of Commerce,3
160,Greater Philadelphia Chapter of the Association of Energy Engineers (AEE),1
160,Greater Philadelphia Chapter of the Association of Energy Engineers (AEE),2
160,Greater Philadelphia Chapter of the Association of Energy Engineers (AEE),3
160,Greater Philadelphia Chapter of the Association of Energy Engineers (AEE),4
160,Greater Philadelphia Chapter of the Association of Energy Engineers (AEE),5
160,Greater Philadelphia Chapter of the Association of Energy Engineers (AEE),6
160,Greater Philadelphia Chapter of the Association of Energy Engineers (AEE),10
160,Greater Philadelphia Chapter of the Association of Energy Engineers (AEE),11
160,Greater Philadelphia Chapter of the Association of Energy Engineers (AEE),14
160,Greater Philadelphia Chapter of the Association of Energy Engineers (AEE),16
161,Greater Philadelphia Clean Cities Program,1
161,Greater Philadelphia Clean Cities Program,5
161,Greater Philadelphia Clean Cities Program,12
162,Greater Philadelphia Commercial Recycling Council,2
162,Greater Philadelphia Commercial Recycling Council,3
162,Greater Philadelphia Commercial Recycling Council,5
162,Greater Philadelphia Commercial Recycling Council,12
162,Greater Philadelphia Commercial Recycling Council,14
162,Greater Philadelphia Commercial Recycling Council,16
163,Greater Philly Environmental Network (GPEN),1
163,Greater Philly Environmental Network (GPEN),2
163,Greater Philly Environmental Network (GPEN),3
163,Greater Philly Environmental Network (GPEN),4
163,Greater Philly Environmental Network (GPEN),5
163,Greater Philly Environmental Network (GPEN),6
163,Greater Philly Environmental Network (GPEN),7
163,Greater Philly Environmental Network (GPEN),8
163,Greater Philly Environmental Network (GPEN),9
163,Greater Philly Environmental Network (GPEN),10
163,Greater Philly Environmental Network (GPEN),11
163,Greater Philly Environmental Network (GPEN),12
163,Greater Philly Environmental Network (GPEN),13
163,Greater Philly Environmental Network (GPEN),14
163,Greater Philly Environmental Network (GPEN),15
163,Greater Philly Environmental Network (GPEN),16
163,Greater Philly Environmental Network (GPEN),17
163,Greater Philly Environmental Network (GPEN),18
164,Greater Valley Forge Transportation Management Association,3
164,Greater Valley Forge Transportation Management Association,5
164,Greater Valley Forge Transportation Management Association,10
164,Greater Valley Forge Transportation Management Association,12
165,Green Drinks Philadelphia,1
165,Green Drinks Philadelphia,2
165,Green Drinks Philadelphia,3
165,Green Drinks Philadelphia,4
165,Green Drinks Philadelphia,5
165,Green Drinks Philadelphia,6
165,Green Drinks Philadelphia,7
165,Green Drinks Philadelphia,8
165,Green Drinks Philadelphia,9
165,Green Drinks Philadelphia,10
165,Green Drinks Philadelphia,11
165,Green Drinks Philadelphia,12
165,Green Drinks Philadelphia,13
165,Green Drinks Philadelphia,14
165,Green Drinks Philadelphia,16
165,Green Drinks Philadelphia,17
165,Green Drinks Philadelphia,18
166,Green Homeworks Inc.,2
166,Green Homeworks Inc.,3
166,Green Homeworks Inc.,16
167,Green Jobs & Sustainability Com of Mishkan Shalom,7
167,Green Jobs & Sustainability Com of Mishkan Shalom,16
168,Green Jobs Philly,3
168,Green Jobs Philly,5
168,Green Jobs Philly,6
168,Green Jobs Philly,8
168,Green Jobs Philly,9
168,Green Jobs Philly,10
168,Green Jobs Philly,16
168,Green Jobs Philly,17
169,Green Lane Nature Center,4
169,Green Lane Nature Center,13
169,Green Lane Nature Center,18
171,Green Restaurant Association,3
171,Green Restaurant Association,8
171,Green Restaurant Association,16
172,Green Valleys Association at Welkinweir,4
172,Green Valleys Association at Welkinweir,11
172,Green Valleys Association at Welkinweir,17
172,Green Valleys Association at Welkinweir,18
173,Green Village Philadelphia,6
173,Green Village Philadelphia,10
173,Green Village Philadelphia,16
174,GREENABLE,1
174,GREENABLE,2
174,GREENABLE,5
174,GREENABLE,6
174,GREENABLE,10
174,GREENABLE,16
175,Greenadelphia!,1
175,Greenadelphia!,2
175,Greenadelphia!,3
175,Greenadelphia!,5
175,Greenadelphia!,6
175,Greenadelphia!,9
175,Greenadelphia!,11
175,Greenadelphia!,12
175,Greenadelphia!,13
175,Greenadelphia!,14
175,Greenadelphia!,16
175,Greenadelphia!,17
175,Greenadelphia!,18
176,GreenFaith,1
176,GreenFaith,2
176,GreenFaith,3
176,GreenFaith,4
176,GreenFaith,5
176,GreenFaith,6
176,GreenFaith,7
176,GreenFaith,9
176,GreenFaith,10
176,GreenFaith,12
176,GreenFaith,14
176,GreenFaith,15
176,GreenFaith,16
177,"GreenLife.  Yoga, Health, & Wellness",9
178,Greenlimbs,8
178,Greenlimbs,9
178,Greenlimbs,16
179,GreenLine Paper Company,3
179,GreenLine Paper Company,14
180,GreenMicrofinance,3
180,GreenMicrofinance,5
181,Greenpeace Philadelphia,5
181,Greenpeace Philadelphia,9
181,Greenpeace Philadelphia,12
181,Greenpeace Philadelphia,16
182,GreenPlan Philadelphia,10
182,GreenPlan Philadelphia,12
182,GreenPlan Philadelphia,16
183,Greensgrow Farms,4
183,Greensgrow Farms,5
183,Greensgrow Farms,8
183,Greensgrow Farms,9
183,Greensgrow Farms,11
183,Greensgrow Farms,16
184,GreenSpace Alliance of Southeastern Pennsylvania,10
184,GreenSpace Alliance of Southeastern Pennsylvania,18
185,"GreenTreks Network, Inc.",4
187,grow-design,2
187,grow-design,3
187,grow-design,8
187,grow-design,14
187,grow-design,16
188,Habitat for Humanity Philadelphia,4
188,Habitat for Humanity Philadelphia,7
188,Habitat for Humanity Philadelphia,10
188,Habitat for Humanity Philadelphia,16
189,Habitat Resource Network of Southeast Pennsylvania,4
189,Habitat Resource Network of Southeast Pennsylvania,9
189,Habitat Resource Network of Southeast Pennsylvania,11
189,Habitat Resource Network of Southeast Pennsylvania,16
189,Habitat Resource Network of Southeast Pennsylvania,17
189,Habitat Resource Network of Southeast Pennsylvania,18
190,Hawk Mountain Sanctuary Association,13
190,Hawk Mountain Sanctuary Association,18
191,"Healthy Spaces, Inc.",1
191,"Healthy Spaces, Inc.",2
191,"Healthy Spaces, Inc.",4
191,"Healthy Spaces, Inc.",9
191,"Healthy Spaces, Inc.",15
191,"Healthy Spaces, Inc.",16
191,"Healthy Spaces, Inc.",17
192,Heritage Conservancy,2
192,Heritage Conservancy,4
192,Heritage Conservancy,10
192,Heritage Conservancy,16
193,Highlands Coalition,10
193,Highlands Coalition,13
193,Highlands Coalition,17
193,Highlands Coalition,18
194,Historic Fair Hill Burial Ground,11
194,Historic Fair Hill Burial Ground,19
195,Hometown Green,1
195,Hometown Green,2
195,Hometown Green,4
195,Hometown Green,14
195,Hometown Green,16
196,Honey Hollow Environmental Education Center,4
196,Honey Hollow Environmental Education Center,10
196,Honey Hollow Environmental Education Center,17
196,Honey Hollow Environmental Education Center,18
197,Horseways PA,10
197,Horseways PA,13
198,Hundredfold Farm,16
200,Institution Recycling Network,14
201,Interfaith Coalition on Energy,2
201,Interfaith Coalition on Energy,5
201,Interfaith Coalition on Energy,7
202,John Bartram Association,4
202,John Bartram Association,11
202,John Bartram Association,13
203,John Heinz Wildlife Refuge at Tinicum,4
203,John Heinz Wildlife Refuge at Tinicum,13
203,John Heinz Wildlife Refuge at Tinicum,18
204,John James Audubon Center at Mill Grove,4
204,John James Audubon Center at Mill Grove,13
204,John James Audubon Center at Mill Grove,18
205,"Just Food, Villanova University",8
206,"Kate Lawn, Whole Body Nutrition",8
206,"Kate Lawn, Whole Body Nutrition",9
206,"Kate Lawn, Whole Body Nutrition",16
207,Kathy Robbins Interiors,2
207,Kathy Robbins Interiors,9
207,Kathy Robbins Interiors,16
208,Keep Lancaster Beautiful,2
208,Keep Lancaster Beautiful,3
208,Keep Lancaster Beautiful,4
208,Keep Lancaster Beautiful,6
208,Keep Lancaster Beautiful,9
208,Keep Lancaster Beautiful,10
208,Keep Lancaster Beautiful,11
208,Keep Lancaster Beautiful,13
208,Keep Lancaster Beautiful,14
208,Keep Lancaster Beautiful,16
209,Ken Odell Painting,2
209,Ken Odell Painting,3
210,Keystone Conservation Trust,10
210,Keystone Conservation Trust,18
211,Keystone H.E.L.P. (Home Energy Loan Program),5
212,Keystone Property Connections,2
212,Keystone Property Connections,10
213,Land Conservancy for Southern Chester County (The),4
213,Land Conservancy for Southern Chester County (The),10
213,Land Conservancy for Southern Chester County (The),13
213,Land Conservancy for Southern Chester County (The),17
213,Land Conservancy for Southern Chester County (The),18
213,Land Conservancy for Southern Chester County (The),19
214,"Land Stewards, LLC Ecological Landscape Design",11
214,"Land Stewards, LLC Ecological Landscape Design",16
215,Langdon Photography,3
216,Lauren Buckley Acupuncture,9
218,League of Conservation Voters,1
218,League of Conservation Voters,4
218,League of Conservation Voters,5
218,League of Conservation Voters,6
218,League of Conservation Voters,10
218,League of Conservation Voters,12
218,League of Conservation Voters,16
218,League of Conservation Voters,17
218,League of Conservation Voters,18
219,Lehigh County Conservation District,4
219,Lehigh County Conservation District,6
219,Lehigh County Conservation District,10
219,Lehigh County Conservation District,12
220,Lenape Nation of Pennsylvania,4
220,Lenape Nation of Pennsylvania,6
220,Lenape Nation of Pennsylvania,7
220,Lenape Nation of Pennsylvania,17
220,Lenape Nation of Pennsylvania,18
222,Lower Merion Conservancy,1
222,Lower Merion Conservancy,2
222,Lower Merion Conservancy,10
222,Lower Merion Conservancy,13
222,Lower Merion Conservancy,16
222,Lower Merion Conservancy,19
223,Lower Perkiomen Valley Park,19
224,Lutheran Theological Seminary Green Team,4
224,Lutheran Theological Seminary Green Team,6
224,Lutheran Theological Seminary Green Team,7
224,Lutheran Theological Seminary Green Team,11
224,Lutheran Theological Seminary Green Team,14
224,Lutheran Theological Seminary Green Team,16
225,Main Street Sustainable Film / Discussion Program,4
225,Main Street Sustainable Film / Discussion Program,6
225,Main Street Sustainable Film / Discussion Program,16
226,Mair Affair,3
226,Mair Affair,13
227,Master Gardener Program of Chester County,11
228,Maysie's Farm Conservation Center,4
228,Maysie's Farm Conservation Center,11
228,Maysie's Farm Conservation Center,16
229,Mid-Atlantic Renewable Energy Association,1
229,Mid-Atlantic Renewable Energy Association,2
229,Mid-Atlantic Renewable Energy Association,4
229,Mid-Atlantic Renewable Energy Association,5
229,Mid-Atlantic Renewable Energy Association,6
229,Mid-Atlantic Renewable Energy Association,8
229,Mid-Atlantic Renewable Energy Association,9
229,Mid-Atlantic Renewable Energy Association,10
229,Mid-Atlantic Renewable Energy Association,11
229,Mid-Atlantic Renewable Energy Association,14
229,Mid-Atlantic Renewable Energy Association,16
229,Mid-Atlantic Renewable Energy Association,17
229,Mid-Atlantic Renewable Energy Association,18
230,Middletown Township Land Conservancy,10
231,Mike Dupuy Falconry,4
231,Mike Dupuy Falconry,13
231,Mike Dupuy Falconry,18
232,Mill Creek Farm (The),2
232,Mill Creek Farm (The),4
232,Mill Creek Farm (The),5
232,Mill Creek Farm (The),6
232,Mill Creek Farm (The),8
232,Mill Creek Farm (The),10
232,Mill Creek Farm (The),11
232,Mill Creek Farm (The),13
232,Mill Creek Farm (The),14
232,Mill Creek Farm (The),16
232,Mill Creek Farm (The),17
232,Mill Creek Farm (The),18
233,Mishkan Shalom- Green & Sustainability Committee,5
233,Mishkan Shalom- Green & Sustainability Committee,7
233,Mishkan Shalom- Green & Sustainability Committee,14
233,Mishkan Shalom- Green & Sustainability Committee,16
234,MMR Growing Greener Grant Projects,7
234,MMR Growing Greener Grant Projects,17
235,MonDaug Bark Park,13
236,Montgomery County Community Action Development Commission,6
236,Montgomery County Community Action Development Commission,8
236,Montgomery County Community Action Development Commission,10
236,Montgomery County Community Action Development Commission,11
236,Montgomery County Community Action Development Commission,16
236,Montgomery County Community Action Development Commission,18
237,Montgomery County Community College,4
237,Montgomery County Community College,9
237,Montgomery County Community College,10
237,Montgomery County Community College,17
238,Montgomery County Conservation District,10
238,Montgomery County Conservation District,12
238,Montgomery County Conservation District,16
238,Montgomery County Conservation District,17
239,Montgomery County Lands Trust,10
239,Montgomery County Lands Trust,17
239,Montgomery County Lands Trust,18
239,Montgomery County Lands Trust,19
240,Montgomery County Planning Commission,10
240,Montgomery County Planning Commission,12
241,Montgomery Twp EAC (Enviro. Advisory Committee),10
241,Montgomery Twp EAC (Enviro. Advisory Committee),12
241,Montgomery Twp EAC (Enviro. Advisory Committee),14
241,Montgomery Twp EAC (Enviro. Advisory Committee),17
242,Mt Airy Greening Net,5
242,Mt Airy Greening Net,14
242,Mt Airy Greening Net,16
243,Mugshots Cafe & Book Club,8
244,Narberth Greens,16
245,Narberth Greens,16
246,Nat. Assoc. of Professional Organizers - Greater Phila. Chapter (NAPO-GPC),14
246,Nat. Assoc. of Professional Organizers - Greater Phila. Chapter (NAPO-GPC),16
247,National Complete Streets Coalition,1
247,National Complete Streets Coalition,4
247,National Complete Streets Coalition,5
247,National Complete Streets Coalition,6
247,National Complete Streets Coalition,9
247,National Complete Streets Coalition,10
247,National Complete Streets Coalition,12
247,National Complete Streets Coalition,13
247,National Complete Streets Coalition,15
248,National Latino Coalition on Climate Change,4
248,National Latino Coalition on Climate Change,5
248,National Latino Coalition on Climate Change,6
249,National Parks Conservation Association,1
249,National Parks Conservation Association,10
249,National Parks Conservation Association,17
249,National Parks Conservation Association,18
250,"Native Return, LLC",10
250,"Native Return, LLC",11
250,"Native Return, LLC",18
251,Natural Lands Trust,10
251,Natural Lands Trust,11
251,Natural Lands Trust,18
252,Natural Lifestyle Network,4
253,Nature Conservancy (The),5
253,Nature Conservancy (The),8
253,Nature Conservancy (The),9
253,Nature Conservancy (The),10
253,Nature Conservancy (The),11
253,Nature Conservancy (The),17
253,Nature Conservancy (The),18
254,Neighborhood Gardens Association,6
254,Neighborhood Gardens Association,11
255,New Jersey Tree Foundation (The): Urban Airshed Reforestation Program,1
255,New Jersey Tree Foundation (The): Urban Airshed Reforestation Program,10
255,New Jersey Tree Foundation (The): Urban Airshed Reforestation Program,11
255,New Jersey Tree Foundation (The): Urban Airshed Reforestation Program,17
256,"Next American City, Inc. (The)",1
256,"Next American City, Inc. (The)",4
256,"Next American City, Inc. (The)",9
256,"Next American City, Inc. (The)",10
256,"Next American City, Inc. (The)",12
256,"Next American City, Inc. (The)",14
256,"Next American City, Inc. (The)",16
257,NJ Community Water Watch,4
257,NJ Community Water Watch,9
257,NJ Community Water Watch,17
258,Nonprofit Finance Fund,3
258,Nonprofit Finance Fund,12
259,Norris Square Neighborhood Project,11
260,North American Land Trust,10
260,North American Land Trust,11
261,"Northeast Region, Chi Eta Phi",1
261,"Northeast Region, Chi Eta Phi",4
261,"Northeast Region, Chi Eta Phi",6
261,"Northeast Region, Chi Eta Phi",7
261,"Northeast Region, Chi Eta Phi",9
261,"Northeast Region, Chi Eta Phi",14
261,"Northeast Region, Chi Eta Phi",16
261,"Northeast Region, Chi Eta Phi",17
262,Northeast Tree Tenders,1
262,Northeast Tree Tenders,6
262,Northeast Tree Tenders,9
262,Northeast Tree Tenders,10
262,Northeast Tree Tenders,11
262,Northeast Tree Tenders,16
262,Northeast Tree Tenders,18
263,o2 Philadelphia Sustainable Design Network,2
263,o2 Philadelphia Sustainable Design Network,3
263,o2 Philadelphia Sustainable Design Network,16
264,Or Hadash Environmental Working Group,5
264,Or Hadash Environmental Working Group,7
265,Organic Home LLC.,2
265,Organic Home LLC.,3
266,organics4me,9
266,organics4me,16
267,Orgotton,3
267,Orgotton,16
268,Outdoor Singles,13
269,PA Alliance of Environmental Educators,3
269,PA Alliance of Environmental Educators,4
269,PA Alliance of Environmental Educators,5
269,PA Alliance of Environmental Educators,6
269,PA Alliance of Environmental Educators,7
269,PA Alliance of Environmental Educators,9
269,PA Alliance of Environmental Educators,12
269,PA Alliance of Environmental Educators,13
269,PA Alliance of Environmental Educators,14
269,PA Alliance of Environmental Educators,15
269,PA Alliance of Environmental Educators,16
270,PA Center for Environmental Education,1
270,PA Center for Environmental Education,2
270,PA Center for Environmental Education,3
270,PA Center for Environmental Education,4
270,PA Center for Environmental Education,5
270,PA Center for Environmental Education,6
270,PA Center for Environmental Education,7
270,PA Center for Environmental Education,8
270,PA Center for Environmental Education,9
270,PA Center for Environmental Education,10
270,PA Center for Environmental Education,11
270,PA Center for Environmental Education,12
270,PA Center for Environmental Education,13
270,PA Center for Environmental Education,14
270,PA Center for Environmental Education,15
270,PA Center for Environmental Education,16
270,PA Center for Environmental Education,17
270,PA Center for Environmental Education,18
271,PA Chapter Sierra Club,1
271,PA Chapter Sierra Club,5
271,PA Chapter Sierra Club,6
271,PA Chapter Sierra Club,14
271,PA Chapter Sierra Club,17
271,PA Chapter Sierra Club,18
272,PA Cleanways,4
272,PA Cleanways,17
272,PA Cleanways,18
274,PA Dept. of Conservation and Natural Resources,1
274,PA Dept. of Conservation and Natural Resources,3
274,PA Dept. of Conservation and Natural Resources,4
274,PA Dept. of Conservation and Natural Resources,5
274,PA Dept. of Conservation and Natural Resources,6
274,PA Dept. of Conservation and Natural Resources,7
274,PA Dept. of Conservation and Natural Resources,8
274,PA Dept. of Conservation and Natural Resources,9
274,PA Dept. of Conservation and Natural Resources,10
274,PA Dept. of Conservation and Natural Resources,11
274,PA Dept. of Conservation and Natural Resources,12
274,PA Dept. of Conservation and Natural Resources,13
274,PA Dept. of Conservation and Natural Resources,14
274,PA Dept. of Conservation and Natural Resources,15
274,PA Dept. of Conservation and Natural Resources,16
274,PA Dept. of Conservation and Natural Resources,17
274,PA Dept. of Conservation and Natural Resources,18
275,PA Dept. of Environmental Protection,1
275,PA Dept. of Environmental Protection,2
275,PA Dept. of Environmental Protection,3
275,PA Dept. of Environmental Protection,4
275,PA Dept. of Environmental Protection,5
275,PA Dept. of Environmental Protection,6
275,PA Dept. of Environmental Protection,7
275,PA Dept. of Environmental Protection,8
275,PA Dept. of Environmental Protection,9
275,PA Dept. of Environmental Protection,10
275,PA Dept. of Environmental Protection,11
275,PA Dept. of Environmental Protection,12
275,PA Dept. of Environmental Protection,13
275,PA Dept. of Environmental Protection,14
275,PA Dept. of Environmental Protection,15
275,PA Dept. of Environmental Protection,16
275,PA Dept. of Environmental Protection,17
275,PA Dept. of Environmental Protection,18
276,Pa. Interfaith Climate Change Campaign,5
276,Pa. Interfaith Climate Change Campaign,7
277,Pachamama Alliance,6
278,Paige Wolf Media & Public Relations,3
278,Paige Wolf Media & Public Relations,16
279,Paradise Farm Camps,4
279,Paradise Farm Camps,6
279,Paradise Farm Camps,7
279,Paradise Farm Camps,9
279,Paradise Farm Camps,13
279,Paradise Farm Camps,14
279,Paradise Farm Camps,15
279,Paradise Farm Camps,18
280,Park Creek Watershed Association,17
281,Parkside Business & Community in Partnership,3
281,Parkside Business & Community in Partnership,5
281,Parkside Business & Community in Partnership,6
281,Parkside Business & Community in Partnership,16
282,Partnership for the Delaware Estuary,4
282,Partnership for the Delaware Estuary,6
282,Partnership for the Delaware Estuary,9
282,Partnership for the Delaware Estuary,11
282,Partnership for the Delaware Estuary,12
282,Partnership for the Delaware Estuary,13
282,Partnership for the Delaware Estuary,14
282,Partnership for the Delaware Estuary,16
282,Partnership for the Delaware Estuary,17
282,Partnership for the Delaware Estuary,18
282,Partnership for the Delaware Estuary,19
284,Peak Center's Senior Environment Corps (The),15
284,Peak Center's Senior Environment Corps (The),17
285,Penn Wynne Green,4
285,Penn Wynne Green,9
286,PennEnvironment,1
286,PennEnvironment,5
286,PennEnvironment,9
286,PennEnvironment,10
286,PennEnvironment,12
288,PennFuture,3
288,PennFuture,4
288,PennFuture,5
288,PennFuture,10
288,PennFuture,12
288,PennFuture,14
288,PennFuture,17
288,PennFuture,18
289,Pennsbury Land Trust,10
290,Pennsylvania Association for Sustainable Agriculture,4
290,Pennsylvania Association for Sustainable Agriculture,6
290,Pennsylvania Association for Sustainable Agriculture,8
290,Pennsylvania Association for Sustainable Agriculture,11
291,Pennsylvania Association of Environmental Educators,4
292,Pennsylvania Association of Environmental Professionals,1
292,Pennsylvania Association of Environmental Professionals,2
292,Pennsylvania Association of Environmental Professionals,3
292,Pennsylvania Association of Environmental Professionals,4
292,Pennsylvania Association of Environmental Professionals,5
292,Pennsylvania Association of Environmental Professionals,6
292,Pennsylvania Association of Environmental Professionals,8
292,Pennsylvania Association of Environmental Professionals,9
292,Pennsylvania Association of Environmental Professionals,10
292,Pennsylvania Association of Environmental Professionals,11
292,Pennsylvania Association of Environmental Professionals,12
292,Pennsylvania Association of Environmental Professionals,14
292,Pennsylvania Association of Environmental Professionals,16
292,Pennsylvania Association of Environmental Professionals,17
292,Pennsylvania Association of Environmental Professionals,18
293,Pennsylvania Biodiversity Partnership,18
294,Pennsylvania Community Forestry,3
294,Pennsylvania Community Forestry,4
294,Pennsylvania Community Forestry,5
294,Pennsylvania Community Forestry,6
294,Pennsylvania Community Forestry,8
294,Pennsylvania Community Forestry,9
294,Pennsylvania Community Forestry,10
294,Pennsylvania Community Forestry,11
294,Pennsylvania Community Forestry,12
294,Pennsylvania Community Forestry,16
294,Pennsylvania Community Forestry,17
294,Pennsylvania Community Forestry,18
295,Pennsylvania Environmental Citizens Online Network,1
295,Pennsylvania Environmental Citizens Online Network,2
295,Pennsylvania Environmental Citizens Online Network,3
295,Pennsylvania Environmental Citizens Online Network,4
295,Pennsylvania Environmental Citizens Online Network,5
295,Pennsylvania Environmental Citizens Online Network,6
295,Pennsylvania Environmental Citizens Online Network,7
295,Pennsylvania Environmental Citizens Online Network,8
295,Pennsylvania Environmental Citizens Online Network,9
295,Pennsylvania Environmental Citizens Online Network,10
295,Pennsylvania Environmental Citizens Online Network,11
295,Pennsylvania Environmental Citizens Online Network,12
295,Pennsylvania Environmental Citizens Online Network,13
295,Pennsylvania Environmental Citizens Online Network,14
295,Pennsylvania Environmental Citizens Online Network,15
295,Pennsylvania Environmental Citizens Online Network,16
295,Pennsylvania Environmental Citizens Online Network,17
295,Pennsylvania Environmental Citizens Online Network,18
296,Pennsylvania Environmental Council (PEC),4
296,Pennsylvania Environmental Council (PEC),5
296,Pennsylvania Environmental Council (PEC),6
296,Pennsylvania Environmental Council (PEC),10
296,Pennsylvania Environmental Council (PEC),11
296,Pennsylvania Environmental Council (PEC),12
296,Pennsylvania Environmental Council (PEC),13
296,Pennsylvania Environmental Council (PEC),16
296,Pennsylvania Environmental Council (PEC),17
296,Pennsylvania Environmental Council (PEC),18
297,Pennsylvania Environmental Defense Foundation (PEDF),4
297,Pennsylvania Environmental Defense Foundation (PEDF),6
297,Pennsylvania Environmental Defense Foundation (PEDF),9
297,Pennsylvania Environmental Defense Foundation (PEDF),10
297,Pennsylvania Environmental Defense Foundation (PEDF),11
297,Pennsylvania Environmental Defense Foundation (PEDF),12
297,Pennsylvania Environmental Defense Foundation (PEDF),13
297,Pennsylvania Environmental Defense Foundation (PEDF),14
297,Pennsylvania Environmental Defense Foundation (PEDF),15
297,Pennsylvania Environmental Defense Foundation (PEDF),17
297,Pennsylvania Environmental Defense Foundation (PEDF),18
298,Pennsylvania Fish and Boat Commission,4
298,Pennsylvania Fish and Boat Commission,12
298,Pennsylvania Fish and Boat Commission,13
298,Pennsylvania Fish and Boat Commission,15
298,Pennsylvania Fish and Boat Commission,17
298,Pennsylvania Fish and Boat Commission,18
299,Pennsylvania Green Growth Partnership,2
299,Pennsylvania Green Growth Partnership,3
299,Pennsylvania Green Growth Partnership,16
300,Pennsylvania Horticultural Society,4
300,Pennsylvania Horticultural Society,11
300,Pennsylvania Horticultural Society,13
301,Pennsylvania Institute for Conservation Education,4
301,Pennsylvania Institute for Conservation Education,11
301,Pennsylvania Institute for Conservation Education,15
301,Pennsylvania Institute for Conservation Education,17
301,Pennsylvania Institute for Conservation Education,18
302,Pennsylvania Land Trust Association,6
302,Pennsylvania Land Trust Association,10
302,Pennsylvania Land Trust Association,12
302,Pennsylvania Land Trust Association,13
302,Pennsylvania Land Trust Association,17
302,Pennsylvania Land Trust Association,18
303,Pennsylvania Landscape and Nursery Association,3
303,Pennsylvania Landscape and Nursery Association,4
303,Pennsylvania Landscape and Nursery Association,9
303,Pennsylvania Landscape and Nursery Association,11
303,Pennsylvania Landscape and Nursery Association,16
303,Pennsylvania Landscape and Nursery Association,18
304,Pennsylvania League of Conservation Voters,1
304,Pennsylvania League of Conservation Voters,5
304,Pennsylvania League of Conservation Voters,9
304,Pennsylvania League of Conservation Voters,10
304,Pennsylvania League of Conservation Voters,12
304,Pennsylvania League of Conservation Voters,16
304,Pennsylvania League of Conservation Voters,17
304,Pennsylvania League of Conservation Voters,18
305,Pennsylvania Organization for Watersheds and Rivers,13
305,Pennsylvania Organization for Watersheds and Rivers,17
306,Pennsylvania Recycling Markets Center (The),14
307,Pennsylvania Resources Council,1
307,Pennsylvania Resources Council,2
307,Pennsylvania Resources Council,4
307,Pennsylvania Resources Council,5
307,Pennsylvania Resources Council,14
307,Pennsylvania Resources Council,16
307,Pennsylvania Resources Council,17
308,Pennsylvania Water Environment Association,4
308,Pennsylvania Water Environment Association,5
308,Pennsylvania Water Environment Association,6
308,Pennsylvania Water Environment Association,9
308,Pennsylvania Water Environment Association,12
308,Pennsylvania Water Environment Association,15
308,Pennsylvania Water Environment Association,17
309,Pennypack Ecological Restoration Trust,4
309,Pennypack Ecological Restoration Trust,10
309,Pennypack Ecological Restoration Trust,11
309,Pennypack Ecological Restoration Trust,17
309,Pennypack Ecological Restoration Trust,18
309,Pennypack Ecological Restoration Trust,19
310,Pennypack Environmental Center,4
310,Pennypack Environmental Center,13
311,Pennypack Farm & Education Center,4
311,Pennypack Farm & Education Center,11
311,Pennypack Farm & Education Center,16
312,Perkiomen Watershed Conservancy,4
312,Perkiomen Watershed Conservancy,6
312,Perkiomen Watershed Conservancy,17
313,Pew Charitable Trusts (The),4
313,Pew Charitable Trusts (The),12
314,Philadelphia Green's Parks Revitalization Project,11
315,Philadelphia Million Solar Roofs Community Partnership,5
316,Philadelphia Oxfam Action Corps,5
316,Philadelphia Oxfam Action Corps,6
317,Philadelphia Parks Alliance,6
317,Philadelphia Parks Alliance,10
317,Philadelphia Parks Alliance,11
317,Philadelphia Parks Alliance,12
317,Philadelphia Parks Alliance,17
318,Philadelphia Solar Energy Association,1
318,Philadelphia Solar Energy Association,2
318,Philadelphia Solar Energy Association,5
318,Philadelphia Solar Energy Association,11
318,Philadelphia Solar Energy Association,12
318,Philadelphia Solar Energy Association,14
318,Philadelphia Solar Energy Association,16
319,Philadelphia Trail Club,13
320,Philadelphia Urban Food and Fitness Alliance,2
320,Philadelphia Urban Food and Fitness Alliance,8
320,Philadelphia Urban Food and Fitness Alliance,9
320,Philadelphia Urban Food and Fitness Alliance,11
320,Philadelphia Urban Food and Fitness Alliance,12
321,Philadelphia Yearly Meeting-Environmental Working Group,7
322,Philadelphia Zoo,4
322,Philadelphia Zoo,13
322,Philadelphia Zoo,18
323,Philagreen Hospitality Assnociation,3
323,Philagreen Hospitality Assnociation,4
323,Philagreen Hospitality Assnociation,14
324,Philly Growing Greener,6
325,Philly Wild Bird,4
325,Philly Wild Bird,18
326,PhillyCarShare,1
326,PhillyCarShare,5
326,PhillyCarShare,16
327,PhillyEcoCity.com,1
327,PhillyEcoCity.com,2
327,PhillyEcoCity.com,3
327,PhillyEcoCity.com,4
327,PhillyEcoCity.com,5
327,PhillyEcoCity.com,6
327,PhillyEcoCity.com,7
327,PhillyEcoCity.com,9
327,PhillyEcoCity.com,10
327,PhillyEcoCity.com,12
327,PhillyEcoCity.com,13
327,PhillyEcoCity.com,14
327,PhillyEcoCity.com,15
327,PhillyEcoCity.com,16
327,PhillyEcoCity.com,17
327,PhillyEcoCity.com,18
328,Phoenixville Farmers Market,8
328,Phoenixville Farmers Market,11
328,Phoenixville Farmers Market,16
329,Pinelands Preservation Alliance,6
329,Pinelands Preservation Alliance,10
329,Pinelands Preservation Alliance,12
329,Pinelands Preservation Alliance,13
329,Pinelands Preservation Alliance,17
329,Pinelands Preservation Alliance,18
330,PlanPhilly,10
331,Please Take Materials Exchange,2
331,Please Take Materials Exchange,4
331,Please Take Materials Exchange,13
331,Please Take Materials Exchange,14
331,Please Take Materials Exchange,16
332,Power with Purpose,1
332,Power with Purpose,5
332,Power with Purpose,9
332,Power with Purpose,16
333,Practical Energy Solutions,2
333,Practical Energy Solutions,5
334,"Princeton Hydro, LLC",10
334,"Princeton Hydro, LLC",17
334,"Princeton Hydro, LLC",18
336,Project for Nuclear Awareness,5
336,Project for Nuclear Awareness,9
336,Project for Nuclear Awareness,12
336,Project for Nuclear Awareness,16
337,Public Eye: Artists for Animals,13
338,Public Interest Law Center of Philadelphia,1
338,Public Interest Law Center of Philadelphia,4
338,Public Interest Law Center of Philadelphia,6
338,Public Interest Law Center of Philadelphia,9
338,Public Interest Law Center of Philadelphia,10
338,Public Interest Law Center of Philadelphia,12
339,pYour Nutrition,8
340,Quiet Riot (The),1
340,Quiet Riot (The),4
340,Quiet Riot (The),5
340,Quiet Riot (The),6
340,Quiet Riot (The),9
340,Quiet Riot (The),12
340,Quiet Riot (The),13
340,Quiet Riot (The),14
340,Quiet Riot (The),16
340,Quiet Riot (The),17
340,Quiet Riot (The),18
341,Radnor Conservancy,10
341,Radnor Conservancy,18
342,Raymond Proffitt Foundation,12
343,Recycle NOW Philadelphia Campaign,3
343,Recycle NOW Philadelphia Campaign,12
343,Recycle NOW Philadelphia Campaign,14
344,Recycle NOW West Philly,12
344,Recycle NOW West Philly,14
345,RecycleBank,14
346,Recycled Wares & Such,14
347,Recycling Alliance of Philadelphia,14
348,"Recycling Services, Inc.",14
349,Residential Mold Services,1
349,Residential Mold Services,2
349,Residential Mold Services,3
349,Residential Mold Services,9
350,Respect Program-By J.P.Mascaro & Sons (The),4
351,Ridley Creek State Park,4
351,Ridley Creek State Park,13
351,Ridley Creek State Park,18
352,Riverbend Environmental Education Center,4
352,Riverbend Environmental Education Center,13
352,Riverbend Environmental Education Center,17
352,Riverbend Environmental Education Center,18
352,Riverbend Environmental Education Center,19
353,"Roofscapes, Inc.",1
353,"Roofscapes, Inc.",2
353,"Roofscapes, Inc.",3
353,"Roofscapes, Inc.",5
353,"Roofscapes, Inc.",6
353,"Roofscapes, Inc.",9
353,"Roofscapes, Inc.",10
353,"Roofscapes, Inc.",11
353,"Roofscapes, Inc.",14
353,"Roofscapes, Inc.",16
353,"Roofscapes, Inc.",17
353,"Roofscapes, Inc.",18
354,Rutgers Solid Waste Resource Renewal Group,3
354,Rutgers Solid Waste Resource Renewal Group,8
354,Rutgers Solid Waste Resource Renewal Group,14
354,Rutgers Solid Waste Resource Renewal Group,16
355,Saddler's Woods Conservation Association,18
356,SAVE (Students Against Violating the Earth),1
356,SAVE (Students Against Violating the Earth),2
356,SAVE (Students Against Violating the Earth),4
356,SAVE (Students Against Violating the Earth),5
356,SAVE (Students Against Violating the Earth),10
356,SAVE (Students Against Violating the Earth),11
356,SAVE (Students Against Violating the Earth),13
356,SAVE (Students Against Violating the Earth),14
356,SAVE (Students Against Violating the Earth),16
356,SAVE (Students Against Violating the Earth),17
356,SAVE (Students Against Violating the Earth),18
357,SBN Circle of Entrepreneurs - Philadelphia,3
357,SBN Circle of Entrepreneurs - Philadelphia,16
358,SBN Circle of Entrepreneurs - West Chester,3
358,SBN Circle of Entrepreneurs - West Chester,4
358,SBN Circle of Entrepreneurs - West Chester,14
358,SBN Circle of Entrepreneurs - West Chester,16
359,Schuylkill Canal Association,4
359,Schuylkill Canal Association,9
359,Schuylkill Canal Association,13
359,Schuylkill Canal Association,17
359,Schuylkill Canal Association,18
359,Schuylkill Canal Association,19
360,Schuylkill Center for Environmental Education (The),4
360,Schuylkill Center for Environmental Education (The),11
360,Schuylkill Center for Environmental Education (The),13
360,Schuylkill Center for Environmental Education (The),18
361,Schuylkill River Heritage Area,10
361,Schuylkill River Heritage Area,13
361,Schuylkill River Heritage Area,17
362,Schuylkill River Park Alliance,10
362,Schuylkill River Park Alliance,12
362,Schuylkill River Park Alliance,13
362,Schuylkill River Park Alliance,17
363,SCRUB,6
363,SCRUB,10
363,SCRUB,12
364,"Sea Change, Inc",8
364,"Sea Change, Inc",11
364,"Sea Change, Inc",13
364,"Sea Change, Inc",16
365,Seeds for Change Wellness Center,9
366,Service Lamp Corporation,2
366,Service Lamp Corporation,4
366,Service Lamp Corporation,5
366,Service Lamp Corporation,14
366,Service Lamp Corporation,16
367,Shalom Center,5
367,Shalom Center,7
367,Shalom Center,12
368,Sierra Club of Southeastern PA,1
368,Sierra Club of Southeastern PA,9
368,Sierra Club of Southeastern PA,13
368,Sierra Club of Southeastern PA,14
368,Sierra Club of Southeastern PA,16
368,Sierra Club of Southeastern PA,17
368,Sierra Club of Southeastern PA,18
369,"Sierra Club Singles, Southeastern Pennsylvania Chapter",13
370,Sierra Inner City Outings,4
370,Sierra Inner City Outings,13
372,Silver Lake Nature Center,4
372,Silver Lake Nature Center,13
372,Silver Lake Nature Center,14
372,Silver Lake Nature Center,16
372,Silver Lake Nature Center,17
372,Silver Lake Nature Center,18
372,Silver Lake Nature Center,19
373,Smart Building Talk,1
373,Smart Building Talk,2
373,Smart Building Talk,3
373,Smart Building Talk,4
373,Smart Building Talk,5
373,Smart Building Talk,6
373,Smart Building Talk,9
373,Smart Building Talk,10
373,Smart Building Talk,11
373,Smart Building Talk,12
373,Smart Building Talk,14
373,Smart Building Talk,16
373,Smart Building Talk,17
374,SmartPower,1
374,SmartPower,4
374,SmartPower,5
374,SmartPower,6
374,SmartPower,9
374,SmartPower,12
374,SmartPower,16
375,Society of Women Environmental Professionals of Greater Philadelphia (The),3
375,Society of Women Environmental Professionals of Greater Philadelphia (The),4
375,Society of Women Environmental Professionals of Greater Philadelphia (The),12
375,Society of Women Environmental Professionals of Greater Philadelphia (The),13
376,Solar States,5
377,"South Jersey Environmental Justice Alliance, Inc.",1
377,"South Jersey Environmental Justice Alliance, Inc.",6
377,"South Jersey Environmental Justice Alliance, Inc.",9
377,"South Jersey Environmental Justice Alliance, Inc.",17
378,South Jersey Land & Water Trust,4
378,South Jersey Land & Water Trust,11
378,South Jersey Land & Water Trust,17
378,South Jersey Land & Water Trust,18
379,Southeastern PA Resource Conservation & Development Council,10
379,Southeastern PA Resource Conservation & Development Council,16
380,Spectrum Health Consulting,4
380,Spectrum Health Consulting,8
381,St. Paul's Episcopal Church,7
381,St. Paul's Episcopal Church,16
382,Step Corporation,1
382,Step Corporation,5
382,Step Corporation,16
383,Stroud Water Research Center,17
385,Student Environmental Action Coalition,6
387,Students for Environmental Action-Temple University,4
388,"Susquehanna Clean up Pick up, Inc.",6
388,"Susquehanna Clean up Pick up, Inc.",11
388,"Susquehanna Clean up Pick up, Inc.",14
388,"Susquehanna Clean up Pick up, Inc.",16
389,Sustainability Project (The),13
389,Sustainability Project (The),16
390,Sustainable Business Network of Greater Philadelphia (SBN),3
390,Sustainable Business Network of Greater Philadelphia (SBN),5
390,Sustainable Business Network of Greater Philadelphia (SBN),6
390,Sustainable Business Network of Greater Philadelphia (SBN),8
390,Sustainable Business Network of Greater Philadelphia (SBN),11
390,Sustainable Business Network of Greater Philadelphia (SBN),12
390,Sustainable Business Network of Greater Philadelphia (SBN),14
390,Sustainable Business Network of Greater Philadelphia (SBN),16
391,Sustainable Landscapes,11
391,Sustainable Landscapes,17
391,Sustainable Landscapes,18
392,"Sustainable Lawrence, Inc.",16
393,Sustainable Solutions Corporation,2
393,Sustainable Solutions Corporation,3
393,Sustainable Solutions Corporation,5
393,Sustainable Solutions Corporation,14
393,Sustainable Solutions Corporation,16
393,Sustainable Solutions Corporation,17
394,Sustainable Upper Dublin Syndicate,5
394,Sustainable Upper Dublin Syndicate,16
394,Sustainable Upper Dublin Syndicate,17
394,Sustainable Upper Dublin Syndicate,18
395,Sustaining Creation Task Force of Neighborhood Interfaith Movement,7
396,SustainUS Philly,1
396,SustainUS Philly,2
396,SustainUS Philly,3
396,SustainUS Philly,4
396,SustainUS Philly,5
396,SustainUS Philly,6
396,SustainUS Philly,8
396,SustainUS Philly,9
396,SustainUS Philly,10
396,SustainUS Philly,11
396,SustainUS Philly,12
396,SustainUS Philly,13
396,SustainUS Philly,14
396,SustainUS Philly,16
396,SustainUS Philly,17
397,T.C. Chan Center for Building Simulatuon and Energy Studies,2
397,T.C. Chan Center for Building Simulatuon and Energy Studies,4
397,T.C. Chan Center for Building Simulatuon and Energy Studies,5
397,T.C. Chan Center for Building Simulatuon and Energy Studies,12
397,T.C. Chan Center for Building Simulatuon and Energy Studies,16
398,Talisman Interactive,4
398,Talisman Interactive,9
398,Talisman Interactive,10
398,Talisman Interactive,16
398,Talisman Interactive,17
398,Talisman Interactive,18
399,Temple University  - Dept. of Community and Regional Planning,4
399,Temple University  - Dept. of Community and Regional Planning,10
399,Temple University  - Dept. of Community and Regional Planning,12
400,Temple University - Center for Sustainable Communities,2
400,Temple University - Center for Sustainable Communities,4
400,Temple University - Center for Sustainable Communities,10
400,Temple University - Center for Sustainable Communities,11
400,Temple University - Center for Sustainable Communities,12
400,Temple University - Center for Sustainable Communities,17
401,Temple University - Environmental Law Society (TELS),4
401,Temple University - Environmental Law Society (TELS),12
402,Temple University Ambler - Certificate & Non-Credit Programs,4
402,Temple University Ambler - Certificate & Non-Credit Programs,8
402,Temple University Ambler - Certificate & Non-Credit Programs,11
403,Temple University Ambler - Dept. of Landscape Architecture & Horticulture,4
403,Temple University Ambler - Dept. of Landscape Architecture & Horticulture,11
404,Temple University Environmental Studies Program,4
405,Ten Thousand Friends of Pennsylvania,10
406,Three Groves Ecovillage,2
406,Three Groves Ecovillage,10
406,Three Groves Ecovillage,16
407,Tinicum Conservancy,10
408,TJ's Painting & Renovations,2
409,Trail Creek Outfitters,13
410,Transition Philadelphia,1
410,Transition Philadelphia,2
410,Transition Philadelphia,5
410,Transition Philadelphia,6
410,Transition Philadelphia,8
410,Transition Philadelphia,9
410,Transition Philadelphia,10
410,Transition Philadelphia,12
410,Transition Philadelphia,14
410,Transition Philadelphia,16
410,Transition Philadelphia,17
410,Transition Philadelphia,18
410,Transition Philadelphia,19
411,TreeVitalize,6
411,TreeVitalize,10
411,TreeVitalize,11
411,TreeVitalize,12
411,TreeVitalize,17
411,TreeVitalize,18
412,TreeVitalize,1
412,TreeVitalize,4
412,TreeVitalize,6
412,TreeVitalize,9
412,TreeVitalize,10
412,TreeVitalize,11
412,TreeVitalize,17
412,TreeVitalize,18
412,TreeVitalize,19
414,TTF Watershed Partnership,4
414,TTF Watershed Partnership,11
414,TTF Watershed Partnership,17
414,TTF Watershed Partnership,18
415,Tyler Arboretum,4
415,Tyler Arboretum,10
415,Tyler Arboretum,13
415,Tyler Arboretum,18
416,Tyler State Park,4
416,Tyler State Park,12
416,Tyler State Park,13
416,Tyler State Park,15
416,Tyler State Park,17
416,Tyler State Park,18
417,U. Makefield Open Space Alliance/Save Historic Dolington Committee,10
417,U. Makefield Open Space Alliance/Save Historic Dolington Committee,12
417,U. Makefield Open Space Alliance/Save Historic Dolington Committee,17
417,U. Makefield Open Space Alliance/Save Historic Dolington Committee,18
418,"UC Green, Inc.",1
418,"UC Green, Inc.",4
418,"UC Green, Inc.",5
418,"UC Green, Inc.",6
418,"UC Green, Inc.",9
418,"UC Green, Inc.",11
418,"UC Green, Inc.",13
418,"UC Green, Inc.",17
419,United By Blue,14
419,United By Blue,16
419,United By Blue,17
420,University of Pennsylvania- Department of Earth and Environmental Science,4
421,University of Pennsylvania- Institute for Environmental Studies,4
422,Upper Dublin Environmental Protection Advisory Board,12
423,Upper Main Line YMCA - Environmental Education Center,4
423,Upper Main Line YMCA - Environmental Education Center,13
423,Upper Main Line YMCA - Environmental Education Center,17
423,Upper Main Line YMCA - Environmental Education Center,18
424,Urban Blazers Foundation,4
424,Urban Blazers Foundation,13
425,Urban Green Partnership,1
425,Urban Green Partnership,2
425,Urban Green Partnership,3
425,Urban Green Partnership,4
425,Urban Green Partnership,5
425,Urban Green Partnership,11
425,Urban Green Partnership,14
425,Urban Green Partnership,15
425,Urban Green Partnership,16
425,Urban Green Partnership,17
426,"Urban Land Institute, Philadelphia Regional District Council",2
426,"Urban Land Institute, Philadelphia Regional District Council",4
426,"Urban Land Institute, Philadelphia Regional District Council",5
426,"Urban Land Institute, Philadelphia Regional District Council",10
426,"Urban Land Institute, Philadelphia Regional District Council",12
426,"Urban Land Institute, Philadelphia Regional District Council",16
427,Urban Nutrition Initiative,3
427,Urban Nutrition Initiative,4
427,Urban Nutrition Initiative,8
427,Urban Nutrition Initiative,9
427,Urban Nutrition Initiative,16
428,Urban Tree Connection,6
428,Urban Tree Connection,10
428,Urban Tree Connection,11
428,Urban Tree Connection,13
428,Urban Tree Connection,16
429,Ursinus College - Environmental Studies Program,4
430,Valley Forge Audubon Society,13
430,Valley Forge Audubon Society,17
430,Valley Forge Audubon Society,18
431,Valley Forge National Historic Park (National Park Service),13
431,Valley Forge National Historic Park (National Park Service),18
432,VegVine.com,4
432,VegVine.com,8
432,VegVine.com,9
432,VegVine.com,11
432,VegVine.com,16
432,VegVine.com,18
433,Warminster Township Environmental Advisory Council & ECLA PA,1
433,Warminster Township Environmental Advisory Council & ECLA PA,2
433,Warminster Township Environmental Advisory Council & ECLA PA,4
433,Warminster Township Environmental Advisory Council & ECLA PA,5
433,Warminster Township Environmental Advisory Council & ECLA PA,6
433,Warminster Township Environmental Advisory Council & ECLA PA,7
433,Warminster Township Environmental Advisory Council & ECLA PA,9
433,Warminster Township Environmental Advisory Council & ECLA PA,10
433,Warminster Township Environmental Advisory Council & ECLA PA,12
433,Warminster Township Environmental Advisory Council & ECLA PA,14
433,Warminster Township Environmental Advisory Council & ECLA PA,15
433,Warminster Township Environmental Advisory Council & ECLA PA,16
433,Warminster Township Environmental Advisory Council & ECLA PA,17
433,Warminster Township Environmental Advisory Council & ECLA PA,18
434,Water Resource Education Network,4
434,Water Resource Education Network,10
434,Water Resource Education Network,12
434,Water Resource Education Network,17
435,We Are Building Open Opportunity Structures Together (We Are BOOST),1
435,We Are Building Open Opportunity Structures Together (We Are BOOST),2
435,We Are Building Open Opportunity Structures Together (We Are BOOST),3
435,We Are Building Open Opportunity Structures Together (We Are BOOST),4
435,We Are Building Open Opportunity Structures Together (We Are BOOST),5
435,We Are Building Open Opportunity Structures Together (We Are BOOST),6
435,We Are Building Open Opportunity Structures Together (We Are BOOST),7
435,We Are Building Open Opportunity Structures Together (We Are BOOST),8
435,We Are Building Open Opportunity Structures Together (We Are BOOST),9
435,We Are Building Open Opportunity Structures Together (We Are BOOST),10
435,We Are Building Open Opportunity Structures Together (We Are BOOST),11
435,We Are Building Open Opportunity Structures Together (We Are BOOST),12
435,We Are Building Open Opportunity Structures Together (We Are BOOST),13
435,We Are Building Open Opportunity Structures Together (We Are BOOST),14
435,We Are Building Open Opportunity Structures Together (We Are BOOST),16
435,We Are Building Open Opportunity Structures Together (We Are BOOST),17
436,WEAN (Wissahickon Environmental Action Network),5
436,WEAN (Wissahickon Environmental Action Network),11
436,WEAN (Wissahickon Environmental Action Network),14
436,WEAN (Wissahickon Environmental Action Network),16
437,Weaver's Way Co-op,8
437,Weaver's Way Co-op,9
437,Weaver's Way Co-op,16
438,West Chester University - Department of Biology,4
438,West Chester University - Department of Biology,10
438,West Chester University - Department of Biology,17
438,West Chester University - Department of Biology,18
439,West Chester University - Department of Biology - Ecology Concentration,4
439,West Chester University - Department of Biology - Ecology Concentration,17
439,West Chester University - Department of Biology - Ecology Concentration,18
440,West Chester University - Environmental Education,4
440,West Chester University - Environmental Education,16
441,Wharton Energy Club,2
441,Wharton Energy Club,3
441,Wharton Energy Club,5
442,Wharton Net Impact,3
443,White Clay Watershed Association,10
443,White Clay Watershed Association,17
443,White Clay Watershed Association,18
444,White Dog Cafe,8
445,White Dog Community Enterprises,3
445,White Dog Community Enterprises,6
445,White Dog Community Enterprises,8
445,White Dog Community Enterprises,11
445,White Dog Community Enterprises,12
445,White Dog Community Enterprises,16
446,Wildlands Conservancy,4
446,Wildlands Conservancy,6
446,Wildlands Conservancy,9
446,Wildlands Conservancy,10
446,Wildlands Conservancy,11
446,Wildlands Conservancy,13
446,Wildlands Conservancy,14
446,Wildlands Conservancy,15
446,Wildlands Conservancy,16
446,Wildlands Conservancy,17
446,Wildlands Conservancy,18
448,Willistown Conservation Trust,10
448,Willistown Conservation Trust,17
448,Willistown Conservation Trust,18
449,Wissahickon Charter School,4
451,Wissahickon Restoration Volunteers,15
451,Wissahickon Restoration Volunteers,16
451,Wissahickon Restoration Volunteers,17
451,Wissahickon Restoration Volunteers,18
452,Wissahickon Restoration Volunteers,1
452,Wissahickon Restoration Volunteers,4
452,Wissahickon Restoration Volunteers,11
452,Wissahickon Restoration Volunteers,17
452,Wissahickon Restoration Volunteers,18
453,Wissahickon Valley Watershed Association,17
454,Wissahickon Valley Watershed Association,17
454,Wissahickon Valley Watershed Association,19
455,Women's Health & Environmental Network,1
455,Women's Health & Environmental Network,2
455,Women's Health & Environmental Network,4
455,Women's Health & Environmental Network,6
455,Women's Health & Environmental Network,8
455,Women's Health & Environmental Network,9
455,Women's Health & Environmental Network,12
455,Women's Health & Environmental Network,13
455,Women's Health & Environmental Network,14
455,Women's Health & Environmental Network,15
455,Women's Health & Environmental Network,16
455,Women's Health & Environmental Network,17
455,Women's Health & Environmental Network,19
456,Wyncote Audubon Society,18
457,Young Friends of the Brandywine Conservancy,10
457,Young Friends of the Brandywine Conservancy,13
457,Young Friends of the Brandywine Conservancy,17
457,Young Friends of the Brandywine Conservancy,19
458,Zero Waste America,14
459,Zipcar,5
459,Zipcar,14
459,Zipcar,16
